ID,Nom,SMILES,Masse_molaire,LogP,HBD,HBA,LD50_mg_kg,LogLD50,Toxicite,Source
1,Ethanol,CCO,,,,,,,,
2,Methanol,CO,,,,5628,3.7504,,PubChem/HSDB
3,Acetone,CC(=O)C,,,,5800,3.7634,,PubChem/HSDB
4,Acetic_acid,CC(=O)O,,,,3310,3.5198,,INRS
5,Benzene,c1ccccc1,,,,3306,3.5193,,PubChem/HSDB
6,Toluene,Cc1ccccc1,,,,,,,,
7,Phenol,Oc1ccccc1,,,,530,2.7243,,PubChem/HSDB
8,Aniline,Nc1ccccc1,,,,,,,,
9,Caffeine,CN1C=NC2=C1C(=O)N(C(=O)N2C)C,,,,192,2.2833,,PubChem/HSDB
10,Aspirin,CC(=O)Oc1ccccc1C(=O)O,,,,1500,3.1761,,PubChem/HSDB
11,Paracetamol,CC(=O)NC1=CC=C(C=C1)O,,,,2400,3.3802,,PubChem/HSDB
12,Isoniazid,NNC(=O)C1=CC=NC=C1,,,,650,2.8129,,PubChem/HSDB
13,Ibuprofen,CC(C)CC1=CC=C(C=C1)C(C)C(=O)O,,,,636,2.8035,,PubChem/HSDB
14,Acetaminophen,CC(=O)NC1=CC=C(C=C1)O,,,,2400,3.3802,,PubChem/HSDB
15,Glucose,C(C1C(C(C(C(O1)O)O)O)O)O,,,,,,,,
16,Fructose,C(C1C(C(C(C(O1)O)O)O)O)O,,,,,,,,
17,Glycine,NCC(=O)O,,,,,,,,
18,Alanine,CC(N)C(=O)O,,,,,,,,
19,Valine,CC(C)C(N)C(=O)O,,,,,,,,
20,Leucine,CC(C)CC(N)C(=O)O,,,,,,,,