Tox_ID,CID,Nom,Synonymes,SMILES,Type_element,Plante_ou_produit,Endpoint,Valeur,Unite,Espece,Sexe,Voie_exposition,Type_exposition,Duree,Effet,Organe_cible,Source,Reference,Qualite_donnee,Statut,Date_verification,Point_depart,Km_animal,Km_humain,HED,Facteur_incertitude,Dose_reference_humaine,Exposition_humaine,MOE,RQ,QSAR_prediction,Unite_prediction,Domaine_applicabilite,Distance_modele,Confiance_prediction,Categorie_risque,Organe_potentiel,Commentaire_SENTOX
TOX_0001,,Methanol,,CO,molécule,,LD50,5628.0,mg/kg,Non précisée,Non précisé,Non précisée,aiguë,Non précisée,,,PubChem/HSDB,,À vérifier,Documentée,,,,,,,,,,,,,,,,,,"LD50 importée depuis molecules.csv. Espèce, voie détaillée et contexte non précisés. HED, MOE et RQ non calculés automatiquement."
TOX_0002,,Acetone,,CC(=O)C,molécule,,LD50,5800.0,mg/kg,Non précisée,Non précisé,Non précisée,aiguë,Non précisée,,,PubChem/HSDB,,À vérifier,Documentée,,,,,,,,,,,,,,,,,,"LD50 importée depuis molecules.csv. Espèce, voie détaillée et contexte non précisés. HED, MOE et RQ non calculés automatiquement."
TOX_0003,,Acetic_acid,,CC(=O)O,molécule,,LD50,3310.0,mg/kg,Non précisée,Non précisé,Non précisée,aiguë,Non précisée,,,INRS,,À vérifier,Documentée,,,,,,,,,,,,,,,,,,"LD50 importée depuis molecules.csv. Espèce, voie détaillée et contexte non précisés. HED, MOE et RQ non calculés automatiquement."
TOX_0004,,Benzene,,c1ccccc1,molécule,,LD50,3306.0,mg/kg,Non précisée,Non précisé,Non précisée,aiguë,Non précisée,,,PubChem/HSDB,,À vérifier,Documentée,,,,,,,,,,,,,,,,,,"LD50 importée depuis molecules.csv. Espèce, voie détaillée et contexte non précisés. HED, MOE et RQ non calculés automatiquement."
TOX_0005,,Phenol,,Oc1ccccc1,molécule,,LD50,530.0,mg/kg,Non précisée,Non précisé,Non précisée,aiguë,Non précisée,,,PubChem/HSDB,,À vérifier,Documentée,,,,,,,,,,,,,,,,,,"LD50 importée depuis molecules.csv. Espèce, voie détaillée et contexte non précisés. HED, MOE et RQ non calculés automatiquement."
TOX_0006,,Caffeine,,CN1C=NC2=C1C(=O)N(C(=O)N2C)C,molécule,,LD50,192.0,mg/kg,Non précisée,Non précisé,Non précisée,aiguë,Non précisée,,,PubChem/HSDB,,À vérifier,Documentée,,,,,,,,,,,,,,,,,,"LD50 importée depuis molecules.csv. Espèce, voie détaillée et contexte non précisés. HED, MOE et RQ non calculés automatiquement."
TOX_0007,,Aspirin,,CC(=O)Oc1ccccc1C(=O)O,molécule,,LD50,1500.0,mg/kg,Non précisée,Non précisé,Non précisée,aiguë,Non précisée,,,PubChem/HSDB,,À vérifier,Documentée,,,,,,,,,,,,,,,,,,"LD50 importée depuis molecules.csv. Espèce, voie détaillée et contexte non précisés. HED, MOE et RQ non calculés automatiquement."
TOX_0008,,Paracetamol,Acetaminophen,CC(=O)NC1=CC=C(C=C1)O,molécule,,LD50,2400.0,mg/kg,Non précisée,Non précisé,Non précisée,aiguë,Non précisée,,,PubChem/HSDB,,À vérifier,Documentée,,,,,,,,,,,,,,,,,,"LD50 importée depuis molecules.csv. Espèce, voie détaillée et contexte non précisés. HED, MOE et RQ non calculés automatiquement."
TOX_0009,,Isoniazid,,NNC(=O)C1=CC=NC=C1,molécule,,LD50,650.0,mg/kg,Non précisée,Non précisé,Non précisée,aiguë,Non précisée,,,PubChem/HSDB,,À vérifier,Documentée,,,,,,,,,,,,,,,,,,"LD50 importée depuis molecules.csv. Espèce, voie détaillée et contexte non précisés. HED, MOE et RQ non calculés automatiquement."
TOX_0010,,Ibuprofen,,CC(C)CC1=CC=C(C=C1)C(C)C(=O)O,molécule,,LD50,636.0,mg/kg,Non précisée,Non précisé,Non précisée,aiguë,Non précisée,,,PubChem/HSDB,,À vérifier,Documentée,,,,,,,,,,,,,,,,,,"LD50 importée depuis molecules.csv. Espèce, voie détaillée et contexte non précisés. HED, MOE et RQ non calculés automatiquement."
